연번,시도,시군구,읍면동,우편번호,주    소,전화번호,팩스번호
147,서울,도봉구,쌍문제4동 주민센터,1429,서울특별시 도봉구 시루봉로 62-7,,02-2091-5578
462,부산,영도구,영선1동행정복지센터,49060,부산광역시 영도구 꿈나무길 25,,051-419-5521
487,부산,부산진구,개금1동주민센터,47323,부산광역시 부산진구 가야대로454번길 9,,051-605-4950
544,부산,해운대구,송정동행정복지센터,48070,부산광역시 해운대구 송정중앙로21번길 20,,
625,부산,사상구,학장동행정복지센터,47023,부산광역시 사상구 학감대로147번길 11,,051-310-3209
632,대구,중구,동인동행정복지센터,41946,대구광역시 중구 국채보상로142길 19-5,,053-757-5788
633,대구,중구,삼덕동행정복지센터,41946,대구광역시 중구 달구벌대로447길 72-11,,053-661-3303
634,대구,중구,성내1동행정복지센터,41942,대구광역시 중구 동성로2길 7,,053-661-3304
635,대구,중구,성내2동행정복지센터,41934,대구광역시 중구 달구벌대로415길 48,,053-661-3305
636,대구,중구,성내3동행정복지센터,41922,대구광역시 중구 달성로 111,,053-661-3657
637,대구,중구,대신동행정복지센터,41929,대구광역시 중구 달구벌대로389길 50,,053-661-3307
638,대구,중구,남산1동행정복지센터,41968,대구광역시 중구 2.28길 18-15,,053-661-3308
639,대구,중구,남산2동행정복지센터,41966,대구광역시 중구 명륜로 27-1,,053-664-3030
640,대구,중구,남산3동행정복지센터,41969,대구광역시 중구 남산로4길 70,,053-661-3310
641,대구,중구,남산4동행정복지센터,41977,대구광역시 중구 남산로1길 42,,053-661-3311
642,대구,중구,대봉1동행정복지센터,41951,대구광역시 중구 달구벌대로440길 27,,053-661-2569
643,대구,중구,대봉2동행정복지센터,41955,대구광역시 중구 대봉로47길 31,,053-664-3030
646,대구,동구,신암3동행정복지센터,41211,대구광역시 동구 신암남로 67,,053-662-3303
648,대구,동구,신암5동행정복지센터,41182,대구광역시 동구 아양로37길 92,,053-662-3305
650,대구,동구,신천3동행정복지센터,41256,대구광역시 동구 장등로 90,,053-662-3307
653,대구,동구,효목2동행정복지센터,41232,대구광역시 동구 화랑로25길 45,,053-662-3781
658,대구,동구,방촌동행정복지센터,41162,대구광역시 동구 동촌로48길 26,,053-662-3315
660,대구,동구,안심1동행정복지센터,41119,대구광역시 동구 율하동로25길 5,,053-662-3367
680,대구,서구,평리6동행정복지센터,41763,대구광역시 서구 서대구로41길 41,,053-663-3315
682,대구,서구,원대동행정복지센터,41716,대구광역시 서구 달서로 257,,
683,대구,남구,이천동행정복지센터,42431,대구광역시 남구 이천로28길 18,,053-664-3030
684,대구,남구,봉덕1동행정복지센터,42429,대구광역시 남구 봉덕로 51-2,,053-664-3030
685,대구,남구,봉덕2동행정복지센터,42442,대구광역시 남구 이천로10길 50,,053-664-3751
687,대구,남구,대명1동행정복지센터,42470,대구광역시 남구 두류공원로 38,,053-664-3030
688,대구,남구,대명2동행정복지센터,42409,대구광역시 남구 명덕로32길 30,,053-664-3030
689,대구,남구,대명3동행정복지센터,42408,대구광역시 남구 명덕로20길 115,,053-664-3030
690,대구,남구,대명4동행정복지센터,42460,대구광역시 남구 두류공원로20길 19,,053-664-3030
691,대구,남구,대명5동행정복지센터,42449,대구광역시 남구 대명로58길 11,,053-664-3030
692,대구,남구,대명6동행정복지센터,42494,대구광역시 남구 대명남로 73,,053-664-3030
693,대구,남구,대명9동행정복지센터,42488,대구광역시 남구 큰골길 53,,053-664-3030
694,대구,남구,대명10동행정복지센터,42481,대구광역시 남구 대명복개로4길 166,,053-664-3931
695,대구,남구,대명11동행정복지센터,42497,대구광역시 남구 관문시장4길 53,,053-664-3030
696,대구 ,북구,고성동행정복지센터,41595,대구광역시 북구 고성로31길 21,,053-665-3301
698,대구 ,북구,침산1동행정복지센터,41551,대구광역시 북구 침산남로13길 16,,053-665-3303
701,대구 ,북구,노원동행정복지센터,41558,대구광역시 북구 노원로10길 166,,053-665-3306
704,대구 ,북구,산격3동행정복지센터(임시청사),41544,대구광역시 북구 대학로 95(임시청사),,
708,대구 ,북구,대현동행정복지센터,41573,대구광역시 북구 대현남로 25,,053-665-3315
710,대구 ,북구,무태조야동행정복지센터,41475,대구광역시 북구 호국로43길 20,,053-665-3317
714,대구 ,북구,구암동행정복지센터,41428,대구광역시 북구 구암서로 32,,053-665-3321
715,대구 ,북구,관음동행정복지센터,41441,대구광역시 북구 관음동로 125,,053-665-3322
718,대구 ,북구,국우동행정복지센터,41418,대구광역시 북구 구리로 188,,053-665-3325
720,대구,수성구,범어2동행정복지센터,42026,대구광역시 수성구 달구벌대로489안길 47,,053-666-3302
721,대구,수성구,범어3동행정복지센터,42013,대구광역시 수성구 상록로 42,,053-743-5676
722,대구,수성구,범어4동행정복지센터,42088,대구광역시 수성구 달구벌대로504길 26,,053-666-3304
726,대구,수성구,수성1가동행정복지센터,42127,대구광역시 수성구 명덕로73길 7,,053-666-3308
729,대구,수성구,황금1동행정복지센터,42111,대구광역시 수성구 청호로57길 10,,
730,대구,수성구,황금2동행정복지센터,42144,대구광역시 수성구 청솔로2길 64,,053-757-5788
736,대구,수성구,지산2동행정복지센터,42216,대구광역시 수성구 용학로33길 9,,053-666-3318
737,대구,수성구,범물1동행정복지센터,42241,대구광역시 수성구 범안로 76,,053-666-3319
740,대구,수성구,고산2동행정복지센터,42262,대구광역시 수성구 달구벌대로 3091,,053-668-3030
744,대구,달서구,두류3동행정복지센터,42648,대구광역시 달서구 야외음악당로39길 24,,053-551-2100
745,대구,달서구,본리동행정복지센터,42675,대구광역시 달서구 당산로 37-14,,053-667-4809
748,대구,달서구,장기동행정복지센터,42691,대구광역시 달서구 장기로 277,,053-667-4258
749,대구,달서구,용산1동행정복지센터,42631,대구광역시 달서구 용산로 212-7,,053-667-4289
751,대구,달서구,이곡1동행정복지센터,42620,대구광역시 달서구 달구벌대로 1309,,053-667-4348
752,대구,달서구,이곡2동행정복지센터,42611,대구광역시 달서구 계대동문로 77,,053-667-4379
753,대구,달서구,신당동행정복지센터,42609,대구광역시 달서구 선원로 60,,053-667-4409
754,대구,달서구,월성1동행정복지센터,42778,대구광역시 달서구 조암남로 97,,053-667-4439
755,대구,달서구,월성2동행정복지센터,42732,대구광역시 달서구 월성로 65,,053-667-4469
756,대구,달서구,진천동행정복지센터,42772,대구광역시 달서구 진천로9길 33,,053-667-4499
758,대구,달서구,상인1동행정복지센터,42812,대구광역시 달서구 상인서로 40,,053-667-4629
760,대구,달서구,상인3동행정복지센터,42815,대구광역시 달서구 월곡로26안길 3,,053-667-4689
761,대구,달서구,도원동행정복지센터,42832,대구광역시 달서구 한실로 53,,053-667-4719
762,대구,달서구,송현1동행정복지센터,42819,대구광역시 달서구 중흥로8길 41,,053-667-4748
763,대구,달서구,송현2동행정복지센터,42738,대구광역시 달서구 월배로83길 120-14,,053-667-4779
764,대구,달서구,본동행정복지센터,42733,대구광역시 달서구 구마로26길 62,,053-667-4139
766,대구,달성군,논공읍행정복지센터,42968,대구광역시 달성군 논공읍 비슬로 1779,,053-611-3001
772,대구,달성군,하빈면행정복지센터,42902,대구광역시 달성군 하빈면 하빈로84길 1,,053-282-7893
774,대구,군위군,군위읍행정복지센터,43114,대구광역시 군위군 군위읍 중앙길 134,,
775,대구,군위군,우보면행정복지센터,43142,대구광역시 군위군 우보면 이화길 105,,
776,대구,군위군,호령면행정복지센터,43129,대구광역시 군위군 효령면 치산효령로 2400,,
777,대구,군위군,산성면행정복지센터,43158,대구광역시 군위군 산성면 산성가음로 668,,053-757-5788
778,대구,군위군,소보면행정복지센터,43102,대구광역시 군위군 소보면 송백로 1415,,
779,대구,군위군,의흥면행정복지센터,43149,대구광역시 군위군 의흥면 읍내길 39,,
780,대구,군위군,부계면행정복지센터,43162,대구광역시 군위군 부계면 창평길 3,,
781,대구,군위군,삼국유사면행정복지센터,43155,대구광역시 군위군 삼국유사면 삼국유사로 448,,
938,광주,동구,충장동행정복지센터,61480,광주광역시 동구 충장로58번길 16,,
939,광주,동구,동명동행정복지센터,61434,광주광역시 동구 동명로26번길 13,,
942,광주,동구,산수1동행정복지센터,61406,광주광역시 동구 무등로449번길 12,,062-607-4549
945,광주,동구,지산2동행정복지센터,61444,광주광역시 동구 지호로 51,,062-608-3769
947,광주,동구,학동행정복지센터,61455,광주광역시 동구 남문로753번길 20 상가 A동 102호,,
953,광주,서구,농성1동행정복지센터,61936,광주광역시 서구 상무대로1189번길 23,,062-360-7600
963,광주,서구,화정4동행정복지센터,62026,광주광역시 서구 염화로83번길 3,,062-360-7600
974,광주,남구,사직동행정복지센터,61636,광주광역시 남구 중앙로95번길 14,,062-654-4971
988,광주,북구,중앙동행정복지센터,61240,광주광역시 북구 금재로 30,,
999,광주,북구,문흥1동행정복지센터,61129,광주광역시 북구 대천로 140-3,,062-410-8743
1009,광주,북구,석곡동행정복지센터,61140,광주광역시 북구 석곡로 634,,062-410-8843
1010,광주,북구,건국동행정복지센터,61027,광주광역시 북구 본촌마을길 25,,
1011,광주,북구,양산동행정복지센터,61072,광주광역시 북구 양산택지로 32,,062-510-1457
1016,광주,광산구,신흥동행정복지센터,62380,광주광역시 광산구 신흥동안길 9,,062-960-3745
1025,광주,광산구,운남동행정복지센터,62317,광주광역시 광산구 목련로217번길 10,,062-607-4699
1030,광주,광산구,동곡동행정복지센터,62461,광주광역시 광산구 동곡로 151-56,,062-960-8990
1031,광주,광산구,평동행정복지센터,62420,광주광역시 광산구 평동로 790,,062-960-8990
1032,광주,광산구,삼도동행정복지센터,62406,광주광역시 광산구 오운로 433-1,,062-960-8990
1041,대전,동구,자양동 행정복지센터,34645,대전광역시 동구 백룡로 16 ,,042-259-7411
1117,울산,중구,반구1동행정복지센터,44501,울산광역시 중구 화합로 340,,052-209-4368
1146,울산,동구,전하1동행정복지센터,44035,울산광역시 동구 바드래3길 55,,052-209-4279
1148,울산,동구,남목1동행정복지센터,44010,울산광역시 동구 방어진순환도로 1170,,052-209-4368
1159,울산,울주군,범서읍행정복지센터,44926,울산광역시 울주군 범서읍 송현길 72 ,,
1169,울산,울주군,상북면행정복지센터,44902,울산광역시 울주군 상북면 도동신리로 5,,052-290-4709
1171,세종,,조치원읍행정복지센터,30024,세종특별자치시 조치원읍 새내16길 17 ,,044-301-6329
1180,세종,,소정면행정복지센터,30001,세종특별자치시 소정면 소정구길 204,,044-301-6329
1204,경기,수원시 장안구,연무동 행정복지센터,16265,경기도 수원시 장안구 경수대로 757,,031-369-2529
1217,경기,수원시 팔달구,행궁동 행정복지센터,16251,경기도 수원시 팔달구 신풍로23번길 40,,031-228-7675
1219,경기,수원시 팔달구,매산동 행정복지센터,16456,경기도 수원시 팔달구 매산로 45,,031-231-3845
1222,경기,수원시 팔달구,화서2동 행정복지센터,16425,경기도 수원시 팔달구 화산로6번길 6,,
1223,경기,수원시 팔달구,지동 행정복지센터,16248,경기도 수원시 팔달구 세지로 339,,031-760-1438
1238,경기,수원시 영통구,망포2동 행정복지센터,16686,경기도 수원시 영통구 태장로54번길 10,,
1239,경기,고양시 덕양구,주교동행정복지센터,10458,경기도 고양시 덕양구 고양대로1315번길 71,,031-917-1366
1240,경기,고양시 덕양구,원신동행정복지센터,10565,경기도 고양시 덕양구 호국로 1261,,031-917-1366
1245,경기,고양시 덕양구,삼송1동행정복지센터,10509,경기도 고양시 덕양구 신도길 8-8,,031-917-1366
1247,경기,고양시 덕양구,창릉동행정복지센터,10597,경기도 고양시 덕양구 동세로 30,,031-917-1366
1251,경기,고양시 덕양구,화정1동행정복지센터,10472,경기도 고양시 덕양구 화중로 197,,031-917-1366
1253,경기,고양시 덕양구,행주동행정복지센터,10516,경기도 고양시 덕양구 지도로14번길 11,,031-917-1366
1259,경기,고양시 덕양구,대덕동행정복지센터,10541,경기도 고양시 덕양구 덕은로 60-22,,
1268,경기,고양시 일산동구,마두2동행정복지센터,10416,경기도 고양시 일산동구 강송로 166,,031-917-1366
1281,경기,고양시 일산서구,덕이동행정복지센터,10237,경기도 고양시 일산서구 덕이로 50-7,,031-917-1366
1282,경기,고양시 일산서구,가좌동행정복지센터,10214,경기도 고양시 일산서구 송산로374번길 7,,031-917-1366
1294,경기,성남시 수정구,양지동행정복지센터,13140,경기도 성남시 수정구 산성대로 483,,031-729-5839
1329,경기,성남시 분당구,판교동행정복지센터,13479,경기도 성남시 분당구 서판교로32번길 9,,031-729-7889
1344,경기,용인시 처인구,동부동행정복지센터,17144,경기도 용인시 처인구 중부대로 1574,,
1353,경기,용인시 기흥구,구성동행정복지센터,16917,경기도 용인시 기흥구 구성로77번길 17,,031-324-6629
1357,경기,용인시 기흥구,동백3동행정복지센터,16990,경기도 용인시 기흥구 동백죽전대로527번길 98-2,,031-324-6749
1371,경기,부천시 원미구,심곡1동행정복지센터,14631,경기도 부천시 원미구 장말로351번길 9 (심곡동),,
1372,경기,부천시 원미구,심곡2동행정복지센터,14639,경기도 부천시 원미구 부흥로424번길 25 (심곡동),,
1374,경기,부천시 원미구,원미1동행정복지센터,14568,경기도 부천시 원미구 부천로122번길 60 (원미동),,
1375,경기,부천시 원미구,원미2동행정복지센터,14571,경기도 부천시 원미구 조종로36번길 26 (원미동),,
1376,경기,부천시 원미구,소사동행정복지센터,14660,경기도 부천시 원미구 소사로310번길 3-9 (소사동),,
1377,경기,부천시 원미구,역곡1동행정복지센터,14669,경기도 부천시 원미구 부일로791번길 14 (역곡동),,
1378,경기,부천시 원미구,역곡2동행정복지센터,14672,경기도 부천시 원미구 부일로699번길 35 (역곡동),,
1379,경기,부천시 원미구,춘의동행정복지센터,14552,경기도 부천시 원미구 부천로209번길 19 (춘의동),,031-324-5942
1381,경기,부천시 원미구,약대동행정복지센터,14518,경기도 부천시 원미구 수도로 44 (약대동),,
1383,경기,부천시 원미구,중1동행정복지센터,14581,경기도 부천시 원미구 조마루로 250 (중동),,
1384,경기,부천시 원미구,중2동행정복지센터,14609,경기도 부천시 원미구 심중로119번길 8 (중동),,
1385,경기,부천시 원미구,중3동행정복지센터,14534,경기도 부천시 원미구 옥산로113번길 39 (중동),,
1386,경기,부천시 원미구,중4동행정복지센터,14537,경기도 부천시 원미구 석천로209번길 15 (중동),,
1388,경기,부천시 원미구,상1동행정복지센터,14597,경기도 부천시 원미구 상일로 97 (상동),,
1390,경기,부천시 원미구,상3동행정복지센터,14540,경기도 부천시 원미구 상동로117번길 48 (상동),,
1391,경기,부천시 소사구,심곡본1동행정복지센터,14712,경기도 부천시 소사구 심곡로9번길 54 (심곡본동),,
1392,경기,부천시 소사구,심곡본동행정복지센터,14714,경기도 부천시 소사구 성주로249번길 19 (심곡본동),,
1393,경기,부천시 소사구,소사본동행정복지센터,14757,경기도 부천시 소사구 호현로433 (소사본동),,
1394,경기,부천시 소사구,소사본1동행정복지센터,14762,경기도 부천시 소사구 은성로68번길 56 (소사본동),,
1395,경기,부천시 소사구,범박동행정복지센터,14782,경기도 부천시 소사구 범안로129번길 17 (범박동),,
1396,경기,부천시 소사구,옥길동행정복지센터,14786,"경기도 부천시 소사구 옥길로 116, 문영 퀸즈파크 A동 402~405호(옥길동)",,
1397,경기,부천시 소사구,괴안동행정복지센터,14697,경기도 부천시 소사구 범안로 38 (괴안동),,
1398,경기,부천시 소사구,역곡3동행정복지센터,14681,경기도 부천시 소사구 부광로8번길 53 (괴안동),,
1400,경기,부천시 소사구,송내2동행정복지센터,14726,경기도 부천시 소사구 중동로22번길 101 (송내동),,
1402,경기,부천시 오정구,원종1동행정복지센터,14419,경기도 부천시 오정구 원종로51번길 43 (원종동),,
1403,경기,부천시 오정구,원종2동행정복지센터,14429,경기도 부천시 오정구 성오로 129 (오정동),,
1404,경기,부천시 오정구,고강본동행정복지센터,14409,경기도 부천시 오정구 고리울로 79 (고강동),,
1405,경기,부천시 오정구,고강1동행정복지센터,14415,경기도 부천시 오정구 고강로72번길 8 (고강동),,
1406,경기,부천시 오정구,오정동행정복지센터,14434,경기도 부천시 오정구 오정로252번길 88 (오정동),,
1418,경기,안산시 상록구,성포동행정복지센터,15294,경기도 안산시 상록구 충장로 468 ,,031-481-5609
1419,경기,안산시 상록구,반월동행정복지센터,15521,경기도 안산시 상록구 건건로 51 ,,
1426,경기,안산시 단원구,백운동행정복지센터,15380,경기도 안산시 단원구 원선로 31,,
1427,경기,안산시 단원구,신길동행정복지센터,15403,경기도 안산시 단원구 삼일로 42-7,,031-481-6613
1438,경기,남양주시,퇴계원읍주민센터,12123,경기도 남양주시 퇴계원읍 도제원로 13,,031-590-4892
1459,경기,안양시,석수2동행정복지센터,13964,경기도 안양시 만안구 안양로 496,,
1462,경기,안양시,박달2동행정복지센터,14016,경기도 안양시 만안구 박달로 470,,031-427-1773
1463,경기,안양시,비산1동행정복지센터,13923,경기도 안양시 동안구 비산로12,,
1466,경기,안양시,부흥동행정복지센터(임시청사),14040,경기도 안양시 동안구 경수대로 813,,
1470,경기,안양시,부림동행정복지센터,14051,경기도 안양시 동안구 달안로 154,,
1473,경기,안양시,귀인동행정복지센터,14101,경기도 안양시 동안구 부림로 16,,031-760-1438
1474,경기,안양시,호계1동행정복지센터,14112,경기도 안양시 동안구 경수대로 538,,
1479,경기,안양시,갈산동행정복지센터,14106,경기도 안양시 동안구 흥안대로223번길 30,,
1490,경기,화성시,장안면행정복지센터,18584,경기도 화성시 장안면 포승장안로 1460-7,,
1492,경기,화성시,정남면행정복지센터,18519,경기도 화성시 정남면 서봉로 998 ,,031-760-1438
1493,경기,화성시,새솔동행정복지센터,18236,경기도 화성시 수노을중앙로 178,,
1494,경기,화성시,진안동행정복지센터,18400,경기도 화성시 병점4로 34,,
1495,경기,화성시,병점1동행정복지센터,18411,경기도 화성시 경기대로1010번길 11,,
1496,경기,화성시,병점2동행정복지센터,18403,경기도 화성시 병점3로 99,,
1497,경기,화성시,반월동행정복지센터,18377,경기도 화성시 영통로61번길 32,,
1508,경기,평택시,팽성읍행정복지센터,17990,경기도 평택시 팽성읍 동서촌로 89 ,,
1509,경기,평택시,안중읍행정복지센터,17941,경기도 평택시 안중읍 안현로 400 ,,031-656-1363
1510,경기,평택시,포승읍행정복지센터,17965,경기도 평택시 포승읍 서동대로 1174-16,,
1511,경기,평택시,진위면행정복지센터,17712,경기도 평택시 진위면 봉남길 61 ,,031-233-3010
1514,경기,평택시,오성면행정복지센터,17819,경기도 평택시 오성면 숙성시장길 23 ,,
1519,경기,평택시,송탄동행정복지센터,17742,경기도 평택시 방여울로 117 ,,031-743-8300
1520,경기,평택시,지산동행정복지센터,17761,경기도 평택시 송탄로 379,,031-760-1438
1524,경기,평택시,신평동행정복지센터,17912,경기도 평택시 평택3로 9 ,,
1525,경기,평택시,원평동행정복지센터,17921,경기도 평택시 원평2로 9 ,,
1526,경기,평택시,통복동행정복지센터,17879,경기도 평택시 통복시장로48번길 41 ,,
1529,경기,평택시,세교동행정복지센터,17828,"경기도 평택시 평택로 149, 1층",,031-760-1438
1530,경기,평택시,용이동행정복지센터,17869,경기도 평택시 현촌5길 5-19,,
1539,경기,의정부시,신곡1동행정복지센터,11729,경기도 의정부시 신곡로71,,
1551,경기,시흥시,신현동행정복지센터,14957,경기도 시흥시 신현로 46,,031-760-1488
1552,경기,시흥시,은행동행정복지센터,14922,경기도 시흥시 수인로3247번길 25,,031-380-5400
1553,경기,시흥시,매화동행정복지센터,14939,경기도 시흥시 매화로 22,,
1554,경기,시흥시,목감동행정복지센터,14985,경기도 시흥시 목감우회로 23,,031-380-5400
1555,경기,시흥시,군자동행정복지센터,15069,경기도 시흥시 도일로102번길 11,,
1567,경기,시흥시,월곶동행정복지센터,14966,경기도 시흥시 월곶중앙로 30번안길  7,,031-380-5402
1568,경기,시흥시,장곡동행정복지센터,15002,경기도 시흥시 인선길 14,,031-380-5400
1578,경기,파주시,교하동행정복지센터,10867,경기도 파주시 교하로 1401,,031-820-7602
1587,경기,김포시 ,양촌읍행정복지센터,10057,경기도 김포시 양촌읍 양곡1로68번길 37 ,,031-998-8358
1593,경기,김포시 ,사우동행정복지센터,10108,경기도 김포시 돌문로 51,,
1595,경기,김포시 ,장기동행정복지센터,10088,경기도 김포시 김포한강2로 112,,031-989-0343
1600,경기,광명시,광명2동행정복지센터,14201,경기도 광명시 광명로 947 ,,
1601,경기,광명시,광명3동행정복지센터,14221,경기도 광명시 광명로928번길 18-20 ,,031-790-6632
1602,경기,광명시,광명4동행정복지센터,14263,경기도 광명시 오리로 941 4층,,
1603,경기,광명시,광명5동행정복지센터,14284,경기도 광명시 너부대로35번길 20,,
1604,경기,광명시,광명6동행정복지센터,14295,경기도 광명시 광명로791번길 6,,031-790-6399
1605,경기,광명시,광명7동행정복지센터,14276,경기도 광명시 새터로 13,,
1606,경기,광명시,철산1동행정복지센터,14224,경기도 광명시 사성로 121,,
1607,경기,광명시,철산2동행정복지센터,14229,경기도 광명시 시청로 94 ,,
1608,경기,광명시,철산3동행정복지센터,14238,경기도 광명시 철산로 56,,
1609,경기,광명시,철산4동행정복지센터,14222,"경기도 광명시 오리로 908, 3층",,
1610,경기,광명시,하안1동행정복지센터,14258,경기도 광명시 오리로 747,,
1611,경기,광명시,하안2동행정복지센터,14245,경기도 광명시 안현로 25 ,,
1612,경기,광명시,하안3동행정복지센터,14309,경기도 광명시 금당로 28,,
1613,경기,광명시,하안4동행정복지센터,14247,경기도 광명시 안현로 54,,
1614,경기,광명시,소하1동행정복지센터,14315,경기도 광명시 소하로 25,,
1615,경기,광명시,소하2동행정복지센터,14328,경기도 광명시 성채로 52,,
1616,경기,광명시,일직동행정복지센터,14345,"경기도 광명시 양지로 17, 6층",,
1617,경기,광명시,학온동행정복지센터,14339,경기도 광명시 서독로104번길 14 ,,
1626,경기,광주시,신현동행정복지센터,12820,경기도 광주시 신현로 109,,031-760-1488
1640,경기,군포시,오금동주민센터,15863,경기도 군포시 고산로 406  (금정동),,
1648,경기,오산시,대원2동행정복지센터,18151,"경기도 오산시 동부대로 332-13, 가동 1층",,031-390-8583
1649,경기,오산시,남촌동행정복지센터,18119,경기도 오산시 청학로 55-5,,
1652,경기,오산시,세마동행정복지센터,18105,경기도 오산시 독산성로 419,,031-370-6320
1653,경기,오산시,초평동행정복지센터,18127,경기도 오산시 초평중앙로 77,,
1664,경기,이천시,창전동행정복지센터,17365,경기도 이천시 영창로163번길 22,,
1665,경기,이천시,증포동행정복지센터,17346,경기도 이천시 증신로156번길 15,,
1677,경기,안성시,죽산면행정복지센터,17519,경기도 안성시 죽산면 죽산초교길 61 ,,031-671-2348
1684,경기,양주시,은현면행정복지센터,11427,경기도 양주시 은현면 은현로 66,,
1685,경기,양주시,남면행정복지센터,11404,경기도 양주시 남면 개나리17길 6,,031-390-8584
1689,경기,양주시,양주2동행정복지센터,11493,경기도 양주시 고읍로 77,,
1692,경기,양주시,회천3동행정복지센터,11451,경기도 양주시 회정로 143,,
1714,경기,포천시,포천동행정복지센터,11146,경기도 포천시 중앙로119번길 26,,031-538-4750
1768,경기,과천시,원문동행정복지센터,13835,경기도 과천시 중앙로 28 ,,
1769,경기,과천시,갈현동행정복지센터,13840,경기도 과천시 과천대로7길 26,,
1770,경기,과천시,별양동주민센터,13834,경기도 과천시 별양로 60 ,,
1771,경기,과천시,부림동주민센터,13831,경기도 과천시 별양로 174 ,,
1772,경기,과천시,과천동행정복지센터,13813,경기도 과천시 과천대로 608-17 ,,
1773,경기,과천시,문원동주민센터,13827,경기도 과천시 아랫배랭이로 35 ,,
1785,경기,연천군,미산면행정복지센터,11045,경기도 연천군 미산면 유노로 110,,031-839-2689
1833,강원,원주시,우산동행정복지센터,26341,강원특별자치도 원주시 진광길 9 ,,033-737-5519
1835,강원,원주시,태장2동행정복지센터,26318,강원특별자치도 원주시 흥양로 50번길 1 ,,
1836,강원,원주시,봉산동행정복지센터,26330,강원특별자치도 원주시 치악로 1868 ,,033-737-5522
1841,강원,강릉시,성산면사무소,25450,강원특별자치도 강릉시 성산면 구산길 22,,
1848,강원,강릉시,홍제동주민센터,25537,강원특별자치도 강릉시 경강로 1953,,033-640-4839
1857,강원,강릉시,내곡동주민센터,25604,강원특별자치도 강릉시 범일로 574,,033-640-4839
1862,강원,동해시,송정동행정복지센터,25787,강원특별자치도 동해시 동해항2길 25,,033-635-1504
1864,강원,동해시,부곡동행정복지센터,25735,강원특별자치도 동해시 부곡로 21,,
1867,강원,동해시,묵호동행정복지센터,25717,강원특별자치도 동해시 논골길 78,,033-539-8086
1896,강원,삼척시,성내동행정복지센터,25916,강원특별자치도 삼척시 대학로 57,,033-570-4152
1898,강원,삼척시,정라동행정복지센터,25925,강원특별자치도 삼척시 새천년도로 16,,033-570-3145
1920,강원,영월군,산솔면사무소,26243,강원특별자치도 영월군 산솔면 태백산로 1202,,033-123-4567
1925,강원,영월군,무릉도원면사무소,26201,강원특별자치도 영월군 무릉도원면 무릉길 70-6,,033-731-0726
1947,강원,철원군,동송읍행정복지센터,24013,강원특별자치도 철원군 동송읍 이평로 133,,033-450-5604
1952,강원,화천군,하남면사무소,24145,강원특별자치도 화천군 하남면 원천새싹길 6,,
1982,충북,청주시 상당구,중앙동 행정복지센터,28544,충청북도 청주시 상당구 교서로 32번길 31 (북문로2가),,043-645-8105
1989,충북,청주시 상당구,용암제2동 행정복지센터,28782,충청북도 청주시 상당구 무농정로 47 (용암동),,
1990,충북,청주시 서원구,남이면 행정복지센터,28182,충청북도 청주시 서원구 남이면 척산길 7,,
2004,충북,청주시 흥덕구,운천ㆍ신봉동 행정복지센터,28469,충청북도 청주시 흥덕구 사운로 216 (운천동),,
2011,충북,청주시 흥덕구,강서제2동 행정복지센터,28292,충청북도 청주시 흥덕구 송화로108번길 95(송절동),,043-201-7912
2012,충북,청주시 청원구,오창읍 행정복지센터,28129,충청북도 청주시 청원구 오창읍 두릉유리로 1137-1,,
2015,충북,청주시 청원구,우암동 행정복지센터,28535,충청북도 청주시 청원구 향군로 34 (우암동),,
2032,충북,충주시,소태면행정복지센터,27307,충청북도 충주시 소태면 쟁골1길 1,,043-830-2602
2038,충북,충주시,문화동행정복지센터,27407,충청북도 충주시 사직산6길 46,,043-220-4119
2040,충북,충주시,달천동행정복지센터,27478,충청북도 충주시 충원대로 211,,
2046,충북,제천시,금성면행정복지센터,27207,충청북도 제천시 금성면 청풍호로 1045,,
2049,충북,제천시,덕산면행정복지센터,27223,충청북도 제천시 덕산면 약초로 59,,
2050,충북,제천시,한수면행정복지센터,27226,충청북도 제천시 한수면 미륵송계로8길 26,,043-540-4211
2052,충북,제천시,송학면행정복지센터,27123,충청북도 제천시 송학면 시곡포전로1길 14-2,,043-642-7301
2055,충북,제천시,중앙동행정복지센터,27169,충청북도 제천시 독순로 61,,043-645-8105
2056,충북,제천시,남현동행정복지센터,27174,충청북도 제천시 의병대로 147,,
2058,충북,제천시,용두동행정복지센터,27161,충청북도 제천시 용두대로17길 8,,043-645-8106
2080,충북,옥천군,군서면행정복지센터,29059,충청북도 옥천군 군서면 성왕로 540 ,,043-731-1986
2094,충북,증평군,도안면행정복지센터,27903,충청북도 증평군 도안면 문화마을길 8,,
2104,충북,괴산군,장연면행정복지센터,28009,충청북도 괴산군 장연면 미선로오가5길 7,,
2112,충북,괴산군,불정면행정복지센터,28002,충청북도 괴산군 불정면 목도로2길 11,,043-830-2419
2115,충북,음성군,소이면행정복지센터,27712,충청북도 음성군 소이면 소이로 409,,
2120,충북,음성군,생극면행정복지센터,27619,충청북도 음성군 생극면 음성로 1646,,
2125,충북,단양군,대강면행정복지센터,27027,충청북도 단양군 대강면 대강로 74,,
2126,충북,단양군,가곡면행정복지센터,27021,충청북도 단양군 가곡면 남한강로 550,,
2129,충북,단양군,적성면행정복지센터,27014,충청북도 단양군 적성면 금수산로 957,,
2133,충남,천안시 동남구, 북면행정복지센터 ,31238,충청남도 천안시 동남구 북면 위례성로 724,,
2137,충남,천안시 동남구, 동면행정복지센터 ,31258,충청남도 천안시 동남구 동면 동산1길 15,,
2138,충남,천안시 동남구, 중앙동행정복지센터 ,31131,충청남도 천안시 동남구 원성천1길 17,,
2140,충남,천안시 동남구, 원성1동행정복지센터 ,31125,충청남도 천안시 동남구 충절로 130,,041-521-4881
2152,충남,천안시 서북구, 성정2동행정복지센터 ,31134,충청남도 천안시 서북구 서부8길 29,,041-521-6881
2161,충남,공주시,유구읍행정복지센터,32506,충청남도 공주시 유구읍 중앙1길 87-1,,041-840-2402
2162,충남,공주시,이인면행정복지센터 ,32607,충청남도 공주시 이인면 검바위로 217,,
2164,충남,공주시,계룡면행정복지센터,32616,충청남도 공주시 계룡면 영규대사로 489,,041-840-3800
2165,충남,공주시,반포면행정복지센터 ,32622,충청남도 공주시 반포면 반포초교길 30,,
2166,충남,공주시,의당면행정복지센터 ,32517,충청남도 공주시 의당면 의당전의로 13,,
2168,충남,공주시,우성면행정복지센터 ,32531,충청남도 공주시 우성면 동대리길 51,,041-840-2710
2170,충남,공주시,신풍면행정복지센터 ,32525,충청남도 공주시 신풍면 안뜸길 14,,
2171,충남,공주시,중학동행정복지센터,32549,충청남도 공주시 감영길 4,,041-853-9781
2172,충남,공주시,웅진동행정복지센터 ,32537,충청남도 공주시 백미고을길 9-8,,
2173,충남,공주시,금학동행정복지센터,32602,충청남도 공주시 우금티로 496-3,,041-840-2870
2174,충남,공주시,옥룡동행정복지센터,32557,충청남도 공주시 무령로 335,,041-840-2890
2175,충남,공주시,신관동행정복지센터,32586,충청남도 공주시 관골1길 24-5,,041-840-2930
2176,충남,공주시,월송동행정복지센터,32593,충청남도 공주시 월송동현로 51,,041-840-2970
2177,충남,보령시,웅천읍행정복지센터,33521,충청남도 보령시 웅천읍 장터중앙길 88,,
2178,충남,보령시,주포면행정복지센터,33414,충청남도 보령시 주포면 질재로 47-10,,
2184,충남,보령시,남포면행정복지센터,33495,충청남도 보령시 남포면 충서로 1839-20,,
2193,충남,아산시,염치읍행정복지센터,31445,충청남도 아산시 염치읍 염치로 37,,
2196,충남,아산시,탕정면행정복지센터,31456,충청남도 아산시 탕정면 탕정면로 36,,041-537-3631
2197,충남,아산시,음봉면행정복지센터,31443,충청남도 아산시 음봉면 음봉면로 23-5,,041-537-3641
2204,충남,아산시,온양1동행정복지센터,31508,충청남도 아산시 번영로 77,,041-537-3711
2220,충남,서산시,부춘동행정복지센터,31970,충청남도 서산시 문화로 54,,041-660-2611
2222,충남,서산시,동문2동행정복지센터,31992,충청남도 서산시 율지6로 6,,
2224,충남,서산시,석남동행정복지센터,32004,충청남도 서산시 남부순환로 982,,
2226,충남,논산시,연무읍사무소 ,33007,충청남도 논산시 연무읍 안심로 50,,041-746-8549
2228,충남,논산시,광석면사무소 ,32922,충청남도 논산시 광석면 사계로 441,,041-746-8619
2230,충남,논산시,상월면사무소 ,32904,충청남도 논산시 상월면 백일헌로 1049,,041-746-8672
2231,충남,논산시,부적면사무소 ,32914,충청남도 논산시 부적면 마구평길 22,,041-746-8702
2232,충남,논산시,연산면사무소 ,32913,충청남도 논산시 연산면 선비로275번길 21,,041-730-4768
2237,충남,논산시,채운면사무소 ,32945,충청남도 논산시 채운면 채운로 41,,041-746-8881
2239,충남,논산시,부창동행정복지센터,32954,충청남도 논산시 시민로 389,,041-730-4615
2240,충남,계룡시,두마면사무소 ,32838,충청남도 계룡시 두마면 팥거리2길 14,,
2241,충남,계룡시,엄사면사무소 ,32810,충청남도 계룡시 엄사면 번영로 47,,
2242,충남,계룡시,신도안면사무소 ,32801,충청남도 계룡시 신도안면 신도안2길 59,,
2243,충남,계룡시,금암동주민센터 ,32824,충청남도 계룡시 장안1길 28,,
2262,충남,금산군,군북면행정복지센터,35718,충청남도 금산군 군북면 산꽃로 17,,041-751-6415
2275,충남,부여군,옥산면행정복지센터 ,33205,충청남도 부여군 옥산면 대백제로 336-6,,
2277,충남,부여군,충화면행정복지센터 ,33212,충청남도 부여군 충화면 팔충로 770,,041-339-1904
2280,충남,부여군,장암면행정복지센터 ,33183,충청남도 부여군 장암면 석동로 15,,041-840-3800
2284,충남,서천군,장항읍행정복지센터,33673,충청남도 서천군 장항읍 장항로 208,,041-950-6329
2285,충남,서천군,서천읍행정복지센터,33643,충청남도 서천군 서천읍 서천로 92,,041-950-6359
2287,충남,서천군,화양면행정복지센터,33630,충청남도 서천군 화양면 옥포길8번길 6,,041-950-6399
2288,충남,서천군,기산면행정복지센터,33628,충청남도 서천군 기산면 기산길 57,,041-950-6419
2289,충남,서천군,한산면행정복지센터,33624,충청남도 서천군 한산면 한마로61번길 10,,041-950-6439
2290,충남,서천군,마산면행정복지센터,33622,충청남도 서천군 마산면 삼일로265번길 7,,
2291,충남,서천군,시초면행정복지센터,33620,충청남도 서천군 시초면 시초북로 37,,041-950-6479
2301,충남,청양군,목면사무소 ,33358,충청남도 청양군 목면 안심길 107,,041-940-4236
2309,충남,홍성군,홍북읍행정복지센터 ,"32,278",충청남도 홍성군 홍북읍 홍북로 449,,
2311,충남,홍성군,홍동면행정복지센터 ,"32,284",충청남도 홍성군 홍동면 홍장남로 712,,
2312,충남,홍성군,장곡면행정복지센터 ,"32,298",충청남도 홍성군 장곡면 홍남동로 461,,
2323,충남,예산군,대흥면행정복지센터,32450,충청남도 예산군 대흥면 의좋은형제길 37,,041-339-8650
2324,충남,예산군,응봉면행정복지센터,32446,충청남도 예산군 응봉면 노화조개내길 9,,041-339-8987
2325,충남,예산군,덕산면행정복지센터,32406,충청남도 예산군 덕산면 덕산온천로 391,,
2328,충남,예산군,신암면행정복지센터,32418,충청남도 예산군 신암면 종경길 70,,041-339-8850
2337,충남,태안군,이원면사무소 ,32103,충청남도 태안군 이원면 분지길 14,,041-670-1548
2345,전북,전주시,중화산2동주민센터,54974,전북특별자치도 전주시 완산구 화산천변로 30,,063-242-1125
2352,전북,전주시,효자1동주민센터,55094,전북특별자치도 전주시 완산구 안행5길 59-3,,063-220-5715
2356,전북,전주시,효자5동주민센터,55054,전북특별자치도 전주시 완산구 우전로 259,,
2360,전북,전주시,인후3동행정복지센터,55020,전북특별자치도 전주시 덕진구 구총목로 5,,063-901-1119
2403,전북,익산시,함라면행정복지센터,54502,전북특별자치도 익산시 함라면 함라1길 65,,063-856-7351
2405,전북,익산시,성당면행정복지센터,54505,전북특별자치도 익산시 성당면 황성로 727,,
2407,전북,익산시,낭산면행정복지센터,54521,전북특별자치도 익산시 낭산면 함낭로 949,,063-861-7956
2408,전북,익산시,망성면행정복지센터,54515,전북특별자치도 익산시 망성면 안성로 726,,
2410,전북,익산시,금마면행정복지센터,54572,전북특별자치도 익산시 금마면 고도3길 3,,
2411,전북,익산시,왕궁면행정복지센터,54576,전북특별자치도 익산시 왕궁면 흥암1길 14,,
2427,전북,익산시,팔봉동행정복지센터,54582,전북특별자치도 익산시 무왕로 1408,,
2428,전북,익산시,삼성동행정복지센터,54554,전북특별자치도 익산시 부송로 125,,
2429,전북,정읍시,신태인읍행정복지센터,56106,전북특별자치도 정읍시 신태인읍 신태인중앙로 14,,0635710023
2433,전북,정읍시,고부면행정복지센터,56151,전북특별자치도 정읍시 고부면 영주로 542 -12,,063-539-6554
2439,전북,정읍시,감곡면사무소,56109,전북특별자치도 정읍시 감곡면 원삼1길 37,,
2442,전북,정읍시,산내면사무소,56127,전북특별자치도 정읍시 산내면 능교3길 14-6,,
2445,전북,정읍시,장명동행정복지센터,56165,전북특별자치도 정읍시 중앙1길 147,,063-530-0302
2447,전북,정읍시,시기동주민센터,56162,전북특별자치도 정읍시 벚꽃로 323,,
2459,전북,남원시,대산면행정복지센터,55779,전북특별자치도 남원시 대산면 운교1길 26,,
2463,전북,남원시,산동면행정복지센터,55708,전북특별자치도 남원시 산동면 요천로 2919,,
2474,전북,남원시,도통동행정복지센터,55755,전북특별자치도 남원시 역재3길 8,,063-620-6743
2484,전북,김제시,진봉면행정복지센터,54303,전북특별자치도 김제시 진봉면 진봉1길 15-3,,063-540-4010
2487,전북,김제시,황산면행정복지센터,54353,전북특별자치도 김제시 황산면 용마로 59,,
2492,전북,김제시,검산동행정복지센터,54398,전북특별자치도 김제시 검산택지길 34,,
2504,전북,완주군,화산면행정복지센터,55304,전북특별자치도 완주군 화산면 화산로 830-14,,
2505,전북,완주군,동상면행정복지센터,55345,전북특별자치도 완주군 동산면 동상로 1414,,063-290-3741
2538,전북,임실군,삼계면사무소,55946,전북특별자치도 임실군 삼계면 충효로 1281,,
2545,전북,순창군,동계면 행정복지센터,56029,전북특별자치도 순창군 동계면 동계1길 15,,063-650-5779
2546,전북,순창군,적성면 행정복지센터,56023,전북특별자치도 순창군 적성면 적성로 135,,
2555,전북,고창군,고수면 행정복지센터,56447,전북특별자치도 고창군 고수면 고인돌대로 1412,,
2556,전북,고창군,아산면 행정복지센터,56453,전북특별자치도 고창군 아산면 녹두로 786,,
2557,전북,고창군,무장면 행정복지센터,56455,전북특별자치도 고창군 무장면 녹두로 6-8,,
2558,전북,고창군,공음면 행정복지센터,56460,전북특별자치도 고창군 공음면 공음길 35,,063-560-8241
2559,전북,고창군,상하면 행정복지센터,56410,전북특별자치도 고창군 상하면 상하로 84-11,,
2560,전북,고창군,해리면 행정복지센터,56402,전북특별자치도 고창군 해리면 청해2길 38,,063-560-8301
2562,전북,고창군,대산면 행정복지센터,56468,전북특별자치도 고창군 대산면 대성로 273,,
2564,전북,고창군,흥덕면 행정복지센터,56415,전북특별자치도 고창군 흥덕면 문화2길 27,,063-560-8429
2565,전북,고창군,성내면 행정복지센터,56420,전북특별자치도 고창군 성내면 시기2길 6,,
2566,전북,고창군,신림면 행정복지센터,56422,전북특별자치도 고창군 신림면 신림로 136,,063-561-5563
2575,전북,부안군,진서면사무소,56346,전북특별자치도 부안군 진서면 청자로 926,,063-580-4158
2584,전남,목포시,산정동행정복지센터,58648,전라남도 목포시 양을로 144,,061-270-8255
2590,전남,목포시,삼학동주민센터,58738,전라남도 목포시 자유로104번길 35,,
2603,전남,목포시,부주동행정복지센터,58676,전라남도 목포시 남악1로52번가길 2,,061-270-3598
2609,전남,여수시,화정면사무소,59782,전라남도 여수시 화정면 백야3길 8-11,,061-659-1905
2611,전남,여수시,동문동주민센터,59742,전라남도 여수시 관문1길 19 ,,061-681-7479
2612,전남,여수시,한려동주민센터,59744,전라남도 여수시 수정2길 9 ,,061-659-1908
2620,전남,여수시,여서동주민센터,59711,전라남도 여수시 여서동5길 17,,061-659-1916
2621,전남,여수시,문수동행정복지센터,59702,전라남도 여수시 여문1로 71 ,,061-652-9193
2622,전남,여수시,미평동행정복지센터,59629,전라남도 여수시 미평3길 42 ,,
2625,전남,여수시,쌍봉동주민센터,59677,전라남도 여수시 흥국로 25 ,,
2627,전남,여수시,여천동주민센터,59633,전라남도 여수시 무선로 190 ,,061-659-1916
2631,전남,순천시,승주읍행정복지센터,57908,전라남도 순천시 승주읍 승주로 731 ,,061-749-8001
2640,전남,순천시,황전면행정복지센터,57902,전라남도 순천시 황전면 백야중길 12 ,,061-749-4600
2641,전남,순천시,월등면행정복지센터,57902,전라남도 순천시 월등면 월등로 571 ,,061-749-4749
2642,전남,순천시,향동행정복지센터,57941,전라남도 순천시 임청대길 1,,061-749-4749
2643,전남,순천시,매곡동행정복지센터,57940,전라남도 순천시 북정2길 63,,061-749-4749
2644,전남,순천시,삼산동행정복지센터,57937,전라남도 순천시 삼산로 3,,061-749-4738
2650,전남,순천시,장천동행정복지센터,57956,전라남도 순천시 중앙로 22,,
2655,전남,나주시,남평읍행정복지센터,58227,전라남도 나주시 남평읍 남평2로 42-7,,061-339-3503
2676,전남,광양시,봉강면사무소,57701,전라남도 광양시 봉강면 조양길 46,,061-797-2598
2694,전남,담양군,금성면사무소,57305,전라남도 담양군 금성면 석현길 11,,061-380-3454
2698,전남,담양군,대전면사무소,57328,전라남도 담양군 대전면 대치8길 21-5,,061-380-3932
2711,전남,구례군,문척면사무소,57630,전라남도 구례군 문척면 수달생태로 268-12,,061-780-8253
2713,전남,구례군,토지면사무소,57624,전라남도 구례군 토지면 섬진강대로 5040,,061-659-1901
2714,전남,구례군,마산면사무소,57617,전라남도 구례군 마산면 화엄사로 150,,061-531-3444
2722,전남,고흥군,금산면사무소,59564,전라남도 고흥군 금산면 거금중앙길 84,,
2723,전남,고흥군,도화면사무소,59529,전라남도 고흥군 도화면 오치길 37,,
2730,전남,고흥군,남양면사무소,59509,전라남도 고흥군 남양면 남양희망길 19,,
2754,전남,화순군,이서면사무소,58103,전라남도 화순군 이서면 적벽로 845,,
2755,전남,화순군,벡아면사무소,58101,전라남도 화순군 백아면 학천길 26,,
2756,전남,화순군,동복면사무소,58102,전라남도 화순군 동복면 석등길 11,,061-379-5110
2757,전남,화순군,사평면사무소,58144,전라남도 화순군 사평면 사호로 229,,
2758,전남,화순군,동면사무소,58132,전라남도 화순군 동면 충의로 751,,
2759,전남,장흥군,장흥읍행정복지센터,59330,전라남도 장흥군 장흥읍 칠거리예양로 83,,
2761,전남,장흥군,대덕읍행정복지센터,59363,전라남도 장흥군 대덕읍 대대로 929,,
2771,전남,강진군,대구면사무소,59266,전라남도 강진군 대구면 수동길 18 ,,
2785,전남,해남군,북평면사무소,59055,전라남도 해남군 북평면 달량진길 8,,
2786,전남,해남군,북일면사무소,59051,전라남도 해남군 북일면 장고봉로 5,,061-393-1335
2787,전남,해남군,옥천면사무소,59021,전라남도 해남군 옥천면 해강로 5,,
2789,전남,해남군,마산면사무소,59020,전라남도 해남군 마산면 마산로 445,,061-531-3444
2796,전남,영암군,덕진면사무소,58408,전라남도 영암군 덕진면 예향로 1731,,061-470-2579
2797,전남,영암군,금정면사무소,58405,전라남도 영암군 금정면 용두로 14,,061-470-6173
2799,전남,영암군,시종면사무소,58427,전라남도 영암군 시종면 내동중앙로 41,,061-470-2579
2803,전남,영암군,학산면사무소,58439,전라남도 영암군 학산면 독천로 193-1,,061-470-6367
2808,전남,무안군,몽탄면사무소,58546,전라남도 무안군 몽탄면 몽탄로 862,,061-450-4243
2819,전남,함평군,대동면사무소,57145,전라남도 함평군 대동면 대동길 5-10,,
2831,전남,영광군,염산면사무소,57066,전라남도 영광군 염산면 천년로1길 1-3,,061-350-4955
2836,전남,장성군,남면행정복지센터,57249,전라남도 장성군 남면 못재로 85,,
2856,전남,완도군,생일면사무소,59144,전라남도 완도군 생일면 생일로 582,,
2857,전남,진도군,진도읍행정복지센터,58922,전라남도 진도군 진도읍 남동1길 46,,061-540-6523
2858,전남,진도군,군내면사무소,58904,전라남도 진도군 군내면 가흥로 643,,
2860,전남,진도군,의신면사무소,58935,전라남도 진도군 의신면 돈지1길 56-5,,061-540-6654
2864,전남,신안군,지도읍사무소,58813,전라남도 신안군 지도읍 읍내길 67-5,,061-240-8000
2883,경북,포항시 남구,장기면행정복지센터,37945,경상북도 포항시 남구 장기면 읍내길 99,,
2886,경북,포항시 남구,해도동행정복지센터,37795,경상북도 포항시 남구 상공로 235,,054-249-2388
2888,경북,포항시 남구,청림동행정복지센터,37920,경상북도 포항시 남구 신항로 10,,054-249-2388
2890,경북,포항시 남구,효곡동행정복지센터,37664,경상북도 포항시 남구 효자동길 30,,
2899,경북,포항시 북구,중앙동행정복지센터,37718,경상북도 포항시 북구 학산로 54,,054-330-6813
2915,경북,경주시,서면행정복지센터,38053,경상북도 경주시 서면 내서로 458,,
2918,경북,경주시,천북면행정복지센터,38035,경상북도 경주시 천북면 천북로 383,,054-783-9415
2921,경북,경주시,성건동행정복지센터,38135,경상북도 경주시 금성로 370,,054-779-8361
2924,경북,경주시,월성동행정복지센터,38164,경상북도 경주시 원화로 177,,054-231-7703
2928,경북,경주시,불국동행정복지센터,38129,경상북도 경주시 산업로 3008,,054-750-8519
2929,경북,경주시,보덕동행정복지센터,38118,경상북도 경주시 경감로 593,,054-745-2332
2959,경북,안동시,남선면행정복지센터,36741,경상북도 안동시 남선면 충효로 3866,,
2966,경북,안동시,중구동행정복지센터,36704,경상북도 안동시 서동문로 238,,
2975,경북,안동시,강남동행정복지센터,36747,경상북도 안동시 강남5길 185,,054-858-7920
3005,경북,영주시,장수면행정복지센터,36145,경상북도 영주시 장수면 장수로 50,,
3023,경북,영천시,화산면행정복지센터,38807,경상북도 영천시 화산면 연지길 16 ,,054-231-7703
3025,경북,영천시,화남면행정복지센터,38810,경상북도 영천시 화남면 신화로 1197 ,,054-330-6806
3030,경북,영천시,대창면행정복지센터,38911,경상북도 영천시 대창면 금박로 1057-7,,054-337-7993
3031,경북,영천시,동부동행정복지센터,38858,경상북도 영천시 상록4길 63(야사동) ,,054-330-6812
3032,경북,영천시,중앙동행정복지센터,38838,경상북도 영천시 천문로 402-4(문내동),,054-330-6813
3033,경북,영천시,서부동행정복지센터,38839,경상북도 영천시 장수로 19(화룡동) ,,054-330-6814
3040,경북,상주시 ,청리면행정복지센터,37255,경상북도 상주시 청리면 원장1길 12,,054-330-6805
3041,경북,상주시 ,공성면행정복지센터,37267,경상북도 상주시 공성면 공성중앙로 67,,054-537-8906
3042,경북,상주시 ,외남면행정복지센터,37259,경상북도 상주시 외남면 석단로 932,,054-330-6805
3043,경북,상주시 ,내서면행정복지센터,37150,경상북도 상주시 내서면 신촌2길 8,,054-550-6703
3044,경북,상주시 ,모동면행정복지센터,37271,경상북도 상주시 모동면 용호3길 5,,054-534-8327
3046,경북,상주시 ,화동면행정복지센터,37146,경상북도 상주시 화동면 이소1길 42-5,,054-330-6805
3051,경북,상주시 ,공검면행정복지센터,37132,경상북도 상주시 공검면 비재로 1308,,
3057,경북,상주시 ,동문동행정복지센터,37233,경상북도 상주시 복룡2길 23,,
3074,경북,경산시,하양읍 행정복지센터,38431,경상븍도 경산시 하양읍 문화로 36 ,,
3075,경북,경산시,진량읍 행정복지센터,38487,경상븍도 경산시 진량읍 다문로 50 ,,
3076,경북,경산시,와촌면 행정복지센터,38412,경상븍도 경산시 와촌면 금송로 416 ,,
3077,경북,경산시,자인면 행정복지센터,38555,경상븍도 경산시 자인면 일연로 82 ,,
3078,경북,경산시,용성면 행정복지센터,38561,경상븍도 경산시 용성면 원효로 1423 ,,
3080,경북,경산시,압량읍 행정복지센터,38509,경상븍도 경산시 압량면 부적길 35 ,,
3081,경북,경산시,남천면 행정복지센터,38695,경상븍도 경산시 남천면 남천로 465 ,,
3082,경북,경산시,중앙동 행정복지센터,38634,경상븍도 경산시 경안로30길 18 ,,054-330-6813
3083,경북,경산시,동부동 행정복지센터,38581,경상븍도 경산시 백자로 46,,054-330-6812
3084,경북,경산시,서부1동 행정복지센터,38678,경상븍도 경산시 경산로 135 ,,
3085,경북,경산시,서부2동 행정복지센터,38660,경상븍도 경산시 경산로44길 7 ,,
3087,경북,경산시,북부동 행정복지센터,38615,경상븍도 경산시 중방로 125 ,,054-249-2388
3088,경북,경산시,중방동 행정복지센터,38624,경상븍도 경산시 중앙초등길 62 ,,
3100,경북,의성군,옥산면행정복지센터,37324,경상북도 의성군 옥산면 신감옥산로 1180,,054-830-5934
3101,경북,의성군,사곡면행정복지센터,37347,경상북도 의성군 사곡면 의성사곡로 973,,054-830-5935
3129,경북,영덕군,영덕읍행정복지센터,36439,경상북도 영덕군 영덕읍 우곡길 62,,
3130,경북,영덕군,강구면행정복지센터,36456,경상북도 영덕군 강구면 동해대로 4526,,
3131,경북,영덕군,남정면행정복지센터,36463,경상북도 양덕군 남정면 진불길 43,,
3132,경북,영덕군,달산면행정복지센터,36448,경상북도 영덕군 달산면 팔각산로 1829,,054-632-1714
3134,경북,영덕군,축산면행정복지센터,36419,경상북도 영덕군 축산면 도곡길 67,,054-650-6606
3135,경북,영덕군,영해면행정복지센터,36413,경상북도 영덕군 영해면 예주3길 7,,054-730-7742
3136,경북,영덕군,병곡면행정복지센터,36404,경상북도 영덕군 병곡면 병곡길 72,,054-730-0780
3137,경북,영덕군,창수면행정복지센터,36401,경상북도 영덕군 창수면 신기길 5,,054-730-6217
3142,경북,청도군,각북면행정복지센터,38302,경상북도 청도군 각북면 헐티로 801,,054-550-6712
3143,경북,청도군,이서면행정복지센터,38317,경상북도 청도군 이서면 이서로 145-18,,054-632-1714
3150,경북,고령군,성산면행정복지센터,40118,경상북도 고령군 성산면 성산로 897,,
3154,경북,고령군,쌍림면행정복지센터,40163,경상북도 고령군 쌍림면 대가야로 613,,054-956-0349
3162,경북,성주군,벽진면행정복지센터,40002,경상북도 성주군 벽진면 수촌길 12,,054-231-7703
3164,경북,성주군,월항면행정복지센터,40038,경상북도 성주군 월항면 주산로 366,,
3172,경북,칠곡군,기산면행정복지센터,39914,경상북도 칠곡군 기산면 주산로 1213,,
3179,경북,예천군,보문면행정복지센터,36815,경상북도 예천군 보문면 미호길 127,,054-650-6089
3185,경북,봉화군,봉화읍행정복지센터,36238,경상북도 봉화군 봉화읍 내성로3길 9,,054-674-3434
3187,경북,봉화군,봉성면행정복지센터,36230,경상북도 봉화군 봉성면 옥마로 23 ,,054-537-8906
3200,경북,울진군,매화면행정복지센터,36339,경상북도 울진군 매화면 매화1길 95,,054-788-2710
3206,경북,울릉군,서면행정복지센터,40235,경상북도 울릉군 서면 남양4길 31,,
3208,경남,창원시 의창구,동읍행정복지센터,51128,경상남도 창원시 의창구 동읍 동읍로 88,,055-359-6798
3218,경남,창원시 성산구,상남동행정복지센터,51502,경상남도 창원시 성산구 동산로 73,,
3219,경남,창원시 성산구,사파동행정복지센터,51461,경상남도 창원시 성산구 대암로 109,,
3221,경남,창원시 성산구,성주동행정복지센터,51539,경상남도 창원시 성산구 공단로 735,,
3222,경남,창원시 성산구,웅남동행정복지센터,51563,경상남도 창원시 성산구 신촌로 50,,
3223,경남,창원시 마산합포구,구산면행정복지센터,51779,경상남도 창원시 마산합포구 구산면 구산로 554,,
3231,경남,창원시 마산합포구,반원중앙동행정복지센터,51761,경상남도 창원시 마산합포구 중앙남5길 45,,
3234,경남,창원시 마산합포구,오동동행정복지센터,51731,경상남도 창원시 마산합포구 동서북4길 13,,
3235,경남,창원시 마산합포구,교방동행정복지센터,51276,경상남도 창원시 마산합포구 교방동5길 18,,
3238,경남,창원시 마산회원구,내서읍행정복지센터,51229,경상남도 창원시 마산회원구 내서읍 중리상곡로 65,,055-225-4930
3242,경남,창원시 마산회원구,회성동행정복지센터,51311,경상남도 창원시 마산회원구 북성로 327,,055-230-5410
3249,경남,창원시 마산회원구,봉암동행정복지센터,51342,경상남도 창원시 마산회원구 봉양로 148,,055-225-4943
3253,경남,창원시 진해구,경화동행정복지센터,51670,경상남도 창원시 진해구 경화로8번길 5,,055-225-4965
3255,경남,창원시 진해구,석동행정복지센터,51586,경상남도 창원시 진해구 돌리로 3,,055-225-4967
3266,경남,진주시,금곡면사무소,52843,경상남도 진주시 금곡면 월아산로 140,,055-749-2903
3279,경남,진주시,천전동행정복지센터,52711,경상남도 진주시 망경남길44번길 22,,055-749-4001
3285,경남,진주시,상평동행정복지센터,52805,경상남도 진주시 솔밭로80번길 18,,
3289,경남,진주시,이현동행정복지센터,52668,경상남도 진주시 평거로 287,,
3291,경남,진주시,가호동행정복지센터,52826,경상남도 진주시 진주역로95번길 6,,
3298,경남,통영시,한산면사무소,53092,경상남도 통영시 한산면 한산일주로 844,,055-650-6884
3300,경남,통영시,도천동행정복지센터,53064,경상남도 통영시 평인일주로 36,,055-650-3760
3307,경남,통영시,봉평동행정복지센터,53074,경상남도 통영시 도남로 185,,
3312,경남,사천시,축동면행정복지센터,52510,경상남도 사천시 축동면 길평1길 20,,055-359-6738
3321,경남,사천시,남양동행정복지센터,52547,경상남도 사천시 임내안길 65,,
3341,경남,밀양시,삼랑진읍행정복지센터,50467,경상남도 밀양시 삼랑진읍 외송중앙길 6,,
3343,경남,밀양시,부북면행정복지센터,50402,경상남도 밀양시 부북면 부북로 28,,055-359-6918
3344,경남,밀양시,상동면행정복지센터,50409,경상남도 밀양시 상동면 상동로 554,,055-359-6618
3345,경남,밀양시,산외면행정복지센터,50411,경상남도 밀양시 산외면 산외로 427,,055-359-6648
3349,경남,밀양시,초동면행정복지센터,50455,경상남도 밀양시 초동면 초동로 111,,
3360,경남,거제시,거제면사무소,53286,경상남도 거제시 거제면 서상길 1,,055-639-6560
3377,경남,양산시,원동면행정복지센터,50587,경상남도 양산시 원동면 원동마을길 36,,055-392-7157
3378,경남,양산시,상북면행정복지센터,50558,경상남도 양산시 상북면 상북중앙로 398,,055-362-9898
3379,경남,양산시,하북면행정복지센터,50503,경상남도 양산시 하북면 신평강변5길 12,,055-392-7251
3381,경남,양산시,양주동행정복지센터,50626,경상남도 양산시 양주로 130(중부동),,055-392-7454
3382,경남,양산시,삼성동행정복지센터,50574,경상남도 양산시 신기서길 27(신기동),,055-392-7353
3383,경남,양산시,강서동행정복지센터,50593,경상남도 양산시 교동1길 18(교동),,055-392-7401
3385,경남,양산시,소주동행정복지센터,50514,경상남도 양산시 소주회야1길 5-26(소주동),,055-392-6751
3386,경남,양산시,평산동행정복지센터,50541,경상남도 양산시 평산로 71(평산동),,055-392-6830
3390,경남,의령군,칠곡면행정복지센터,52134,경상남도 의령군 칠곡면 칠곡로 33,,
3392,경남,의령군,화정면사무소,52157,경상남도 의령군 화정면 화정로 294,,
3395,경남,의령군,지정면사무소,52117,경상남도 의령군 지정면 함의로5길 8,,055-639-6969
3410,경남,함안군,여항면사무소,52073,경상남도 함안군 여항면 여항로 50,,055-580-3950
3424,경남,창녕군,부곡면사무소,50365,경상남도 창녕군 부곡면 부곡로 65,,055-530-7070
3426,경남,고성군,삼산면사무소,52959,경상남도 고성군 삼산면 공룡로 2137,,
3435,경남,고성군,회화면사무소,52915,경상남도 고성군 회화면 배둔로 80,,055-670-5501
3437,경남,고성군,동해면사무소,52918,경상남도 고성군 동해면 장기3길 100,,
3439,경남,남해군,남해읍행정복지센터,52420,경상남도 남해군 남해읍 남해읍 화전로 81　,,
3447,경남,남해군,설천면행정복지센터,52401,경상남도 남해군 설천면 설천로 695　,,
3450,경남,하동군,화개면사무소,52303,경상남도 하동군 화개면 쌍계로 71-9,,055-880-6051
3455,경남,하동군,금남면사무소,52352,경상남도 하동군 금남면 미법마을길 10,,
3456,경남,하동군,금성면사무소,52353,경상남도 하동군 금성면 신도길 149,,
3465,경남,산청군,생초면사무소,52203,경상남도 산청군 생초면 생초로 58,,055-970-6789
3467,경남,산청군,삼장면사무소,52235,경상남도 산청군 삼장면 덕산대포로 257,,055-970-8251
3470,경남,산청군,신안면사무소,52249,경상남도 산청군 신안면 원지로 11-15,,055-970-8401
3474,경남,함양군,마천면사무소,50050,경상남도 함양군 마천면 당흥길 15,,055-962-9009
3475,경남,함양군,휴천면사무소,50052,경상남도 함양군 휴천면 목현옥매로 3,,055-960-8560
3481,경남,함양군,서상면사무소,50001,경상남도 함양군 서상면 서상로 260,,055-960-8860
3489,경남,거창군,위천면 행정복지센터,50103,경상남도 거창군 위천면 원학길 324,,055-940-7560
3502,경남,합천군,초계면사무소,50246,경상남도 합천군 초계면 초계중앙로 45,,055-930-4070
3507,경남,합천군,대양면사무소,50240,경상남도 합천군 대양면 대한로 5,,
3523,제주,제주시,이도2동주민센터,63211,제주특별자치도 제주시 오복3길 8,,064-728-4359
3526,제주,제주시,용담1동주민센터,63174,제주특별자치도 제주시 용남3길 11,,
3530,제주,제주시,삼양동주민센터,63318,제주특별자치도 제주시 지석13길 6,,
3534,제주,제주시,연동주민센터,63122,제주특별자치도 제주시 신대로 101,,
3542,제주,서귀포시,안덕면사무소,63529,제주특별자치도 서귀포시 안덕면 화순서서로 74,,
